service,start_ts,end_ts,elapsed_seconds,elapsed_minutes
auth-mvc,1775871640.001331290,1775871751.635889136,111.635,1.86
catalogo-mvc,1775871649.080041150,1775871792.228606998,143.149,2.39
estoque-mvc,1775871663.443879226,1775871814.790100822,151.346,2.52
catalogo-ddd,1775871612.701260024,1775871833.390634658,220.689,3.68
auth-ddd,1775871599.866668183,1775871872.150814674,272.284,4.54
estoque-ddd,1775871631.459726864,1775871894.402566502,262.943,4.38
