{
    "root_group": {
        "name": "",
        "path": "",
        "id": "d41d8cd98f00b204e9800998ecf8427e",
        "groups": {},
        "checks": {
                "registrar 201": {
                    "passes": 222,
                    "fails": 0,
                    "name": "registrar 201",
                    "path": "::registrar 201",
                    "id": "bbf380826734b73e303ac1c723da367e"
                },
                "login 200": {
                    "name": "login 200",
                    "path": "::login 200",
                    "id": "48b06dc5cde7f6ebb606ad7da726a2a5",
                    "passes": 222,
                    "fails": 0
                },
                "categoria 201": {
                    "name": "categoria 201",
                    "path": "::categoria 201",
                    "id": "8f2220e25d5ce03bc6b5b602aeb27274",
                    "passes": 222,
                    "fails": 0
                },
                "produto 201": {
                    "name": "produto 201",
                    "path": "::produto 201",
                    "id": "7c8adc995e7cfd895765f2bea4f8fc60",
                    "passes": 0,
                    "fails": 222
                }
            }
    },
    "metrics": {
        "iteration_duration": {
            "avg": 2379.9999109279283,
            "min": 1304.990484,
            "med": 2370.5319295,
            "max": 3771.161139,
            "p(90)": 3190.9996755,
            "p(95)": 3405.9329275499995
        },
        "latency_criar_categoria": {
            "avg": 176.59663862612604,
            "min": 140.388261,
            "med": 146.4900015,
            "max": 291.589295,
            "p(90)": 250.1089152,
            "p(95)": 252.98965095
        },
        "http_reqs": {
            "count": 1110,
            "rate": 12.928252573568308
        },
        "vus": {
            "min": 1,
            "max": 10,
            "value": 1
        },
        "http_req_failed": {
            "passes": 225,
            "fails": 885,
            "value": 0.20270270270270271
        },
        "latency_health": {
            "p(95)": 252.57447245,
            "avg": 174.25007354054054,
            "min": 132.815744,
            "med": 136.8508075,
            "max": 292.374526,
            "p(90)": 249.650545
        },
        "http_req_sending": {
            "med": 0.0253815,
            "max": 0.226535,
            "p(90)": 0.0468611,
            "p(95)": 0.06042764999999999,
            "avg": 0.029410712612612626,
            "min": 0.002708
        },
        "http_req_waiting": {
            "p(90)": 1153.9503946000002,
            "p(95)": 1283.16881405,
            "avg": 473.1357104711711,
            "min": 132.694814,
            "med": 245.970473,
            "max": 2120.889531
        },
        "checks": {
            "passes": 666,
            "fails": 222,
            "value": 0.75
        },
        "http_req_connecting": {
            "p(95)": 0,
            "avg": 2.4371337936936937,
            "min": 0,
            "med": 0,
            "max": 337.61189,
            "p(90)": 0
        },
        "data_sent": {
            "count": 377302,
            "rate": 4394.464461722946
        },
        "latency_criar_produto": {
            "avg": 206.877388436937,
            "min": 153.64744,
            "med": 193.9786645,
            "max": 455.621579,
            "p(90)": 252.11220680000002,
            "p(95)": 255.088029
        },
        "http_req_blocked": {
            "p(90)": 0.0114277,
            "p(95)": 0.01291985,
            "avg": 2.4777533153153177,
            "min": 0.000969,
            "med": 0.0065435,
            "max": 337.713394
        },
        "iterations": {
            "count": 222,
            "rate": 2.5856505147136617
        },
        "data_received": {
            "count": 310346,
            "rate": 3614.622948825793
        },
        "http_req_tls_handshaking": {
            "max": 0,
            "p(90)": 0,
            "p(95)": 0,
            "avg": 0,
            "min": 0,
            "med": 0
        },
        "http_req_duration{expected_response:true}": {
            "avg": 541.1227959627129,
            "min": 132.815744,
            "med": 427.951172,
            "max": 2120.935699,
            "p(90)": 1210.8690312,
            "p(95)": 1317.3272708
        },
        "http_req_receiving": {
            "min": 0.015395,
            "med": 0.0890605,
            "max": 3.952284,
            "p(90)": 0.17045600000000002,
            "p(95)": 0.22327579999999997,
            "avg": 0.1132355216216216
        },
        "latency_registrar": {
            "avg": 912.9769011306303,
            "min": 430.185104,
            "med": 887.325167,
            "max": 2120.935699,
            "p(90)": 1322.6735316000002,
            "p(95)": 1445.2811083999998
        },
        "vus_max": {
            "value": 10,
            "min": 10,
            "max": 10
        },
        "http_req_duration": {
            "p(90)": 1154.1127313,
            "p(95)": 1283.3095208999998,
            "avg": 473.27835670540617,
            "min": 132.815744,
            "med": 246.0969285,
            "max": 2120.935699,
            "thresholds": {
                "p(99)<2000": false
            }
        },
        "latency_login": {
            "max": 1990.469457,
            "p(90)": 1310.8787663000003,
            "p(95)": 1415.7330891,
            "avg": 895.6907817927927,
            "min": 427.239099,
            "med": 917.0481925
        }
    }
}